feature,importance
Nilai_Tugas,0.2121167940733739
Aktivitas_ELearning,0.2111046660486377
Kehadiran_Persen,0.21046257187148007
Partisipasi_Diskusi,0.2037040905352734
Umur,0.11365754283481808
Jenis_Kelamin,0.03137473524353283
Status_Menikah,0.017579599392884056
