feature,importance
Nilai_Tugas,0.5251965414417455
Kehadiran_Persen,0.2409234278954595
Aktivitas_ELearning,0.10817659155339146
Partisipasi_Diskusi,0.09174024641310728
Umur,0.022365232570785248
Status_Menikah,0.005998370833215529
Jenis_Kelamin,0.005599589292295452
