feature,importance
Nilai_Tugas,0.5885867229452986
Kehadiran_Persen,0.24578399086102923
Aktivitas_ELearning,0.09059358175802813
Partisipasi_Diskusi,0.04762570892142143
Umur,0.018921930791043033
Jenis_Kelamin,0.005819789380098135
Status_Menikah,0.002668275343081442
